age,Medu,Fedu,traveltime,studytime,failures,famrel,freetime,goout,Dalc,Walc,health,absences,school_MS,sex_M,address_U,famsize_LE3,Pstatus_T,Mjob_health,Mjob_other,Mjob_services,Mjob_teacher,Fjob_health,Fjob_other,Fjob_services,Fjob_teacher,reason_home,reason_other,reason_reputation,guardian_mother,guardian_other,schoolsup_yes,famsup_yes,paid_yes,activities_yes,nursery_yes,higher_yes,internet_yes,romantic_yes,study_discipline,risk_score
18,4,4,2,2,0,4,3,4,1,1,3,6,False,False,True,False,False,False,False,False,False,False,False,False,True,False,False,False,True,False,True,False,False,False,True,True,False,False,0.2857142857142857,0.6
17,1,1,1,2,0,5,3,3,1,1,3,4,False,False,True,False,True,False,False,False,False,False,True,False,False,False,False,False,False,False,False,True,False,False,False,True,True,False,0.4,0.4
15,1,1,1,2,3,4,3,2,2,3,3,10,False,False,True,True,True,False,False,False,False,False,True,False,False,False,True,False,True,False,True,False,True,False,True,True,True,False,0.18181818181818182,4.0
15,4,2,1,3,0,3,2,2,1,1,5,2,False,False,True,False,True,True,False,False,False,False,False,True,False,True,False,False,True,False,False,True,True,True,True,True,True,True,1.0,0.2
16,3,3,1,2,0,4,3,2,1,2,5,4,False,False,True,False,True,False,True,False,False,False,True,False,False,True,False,False,False,False,False,True,True,False,True,True,False,False,0.4,0.4
16,4,3,1,2,0,5,4,2,1,2,5,10,False,True,True,True,True,False,False,True,False,False,True,False,False,False,False,True,True,False,False,True,True,True,True,True,True,False,0.18181818181818182,1.0
16,2,2,1,2,0,4,4,4,1,1,3,0,False,True,True,True,True,False,True,False,False,False,True,False,False,True,False,False,True,False,False,False,False,False,True,True,True,False,2.0,0.0
17,4,4,2,2,0,4,1,4,1,1,1,6,False,False,True,False,False,False,True,False,False,False,False,False,True,True,False,False,True,False,True,True,False,False,True,True,False,False,0.2857142857142857,0.6
15,3,2,1,2,0,4,2,2,1,1,1,0,False,True,True,True,False,False,False,True,False,False,True,False,False,True,False,False,True,False,False,True,True,False,True,True,True,False,2.0,0.0
15,3,4,1,2,0,5,5,1,1,1,5,0,False,True,True,False,True,False,True,False,False,False,True,False,False,True,False,False,True,False,False,True,True,True,True,True,True,False,2.0,0.0
15,4,4,1,2,0,3,3,3,1,2,2,0,False,False,True,False,True,False,False,False,True,True,False,False,False,False,False,True,True,False,False,True,True,False,True,True,True,False,2.0,0.0
15,2,1,3,3,0,5,2,2,1,1,4,4,False,False,True,False,True,False,False,True,False,False,True,False,False,False,False,True,False,False,False,True,False,True,True,True,True,False,0.6,0.4
15,4,4,1,1,0,4,3,3,1,3,5,2,False,True,True,True,True,True,False,False,False,False,False,True,False,False,False,False,False,False,False,True,True,True,True,True,True,False,0.3333333333333333,0.2
15,4,3,2,2,0,5,4,3,1,2,3,2,False,True,True,False,True,False,False,False,True,False,True,False,False,False,False,False,True,False,False,True,True,False,True,True,True,False,0.6666666666666666,0.2
15,2,2,1,3,0,4,5,2,1,1,3,0,False,True,True,False,False,False,True,False,False,False,True,False,False,True,False,False,False,True,False,True,False,False,True,True,True,True,3.0,0.0
16,4,4,1,1,0,4,4,4,1,2,2,4,False,False,True,False,True,True,False,False,False,False,True,False,False,True,False,False,True,False,False,True,False,False,True,True,True,False,0.2,0.4
16,4,4,1,3,0,3,2,3,1,2,2,6,False,False,True,False,True,False,False,True,False,False,False,True,False,False,False,True,True,False,False,True,True,True,True,True,True,False,0.42857142857142855,0.6
16,3,3,3,2,0,5,3,2,1,1,4,4,False,False,True,False,True,False,True,False,False,False,True,False,False,False,False,True,True,False,True,True,False,True,True,True,False,False,0.4,0.4
17,3,2,1,1,3,5,5,5,2,4,5,16,False,True,True,False,True,False,False,True,False,False,False,True,False,False,False,False,True,False,False,True,False,True,True,True,True,False,0.058823529411764705,4.6
16,4,3,1,1,0,3,1,3,1,3,5,4,False,True,True,True,True,True,False,False,False,False,True,False,False,True,False,False,False,False,False,False,True,True,True,True,True,False,0.2,0.4
15,4,3,1,2,0,4,4,1,1,1,1,0,False,True,True,False,True,False,False,False,True,False,True,False,False,False,False,True,True,False,False,False,False,False,True,True,True,False,2.0,0.0
15,4,4,1,1,0,5,4,2,1,1,5,0,False,True,True,False,True,True,False,False,False,True,False,False,False,False,True,False,False,False,False,True,True,False,True,True,True,False,1.0,0.0
16,4,2,1,2,0,4,5,1,1,3,5,2,False,True,True,True,True,False,False,False,True,False,True,False,False,False,False,False,True,False,False,False,False,True,True,True,True,False,0.6666666666666666,0.2
16,2,2,2,2,0,5,4,4,2,4,5,0,False,True,True,True,True,False,True,False,False,False,True,False,False,False,False,True,True,False,False,True,False,True,True,True,True,False,2.0,0.0
15,2,4,1,3,0,4,3,2,1,1,5,2,False,False,False,False,True,False,False,True,False,True,False,False,False,False,False,False,True,False,True,True,True,True,True,True,True,False,1.0,0.2
16,2,2,1,1,2,1,2,2,1,3,5,14,False,False,True,False,True,False,False,True,False,False,False,True,False,True,False,False,True,False,False,True,True,False,False,True,True,False,0.06666666666666667,3.4
15,2,2,1,1,0,4,2,2,1,2,5,2,False,True,True,False,True,False,True,False,False,False,True,False,False,True,False,False,True,False,False,True,True,False,True,True,True,False,0.3333333333333333,0.2
15,4,2,1,1,0,2,2,4,2,4,1,4,False,True,True,False,True,True,False,False,False,False,False,True,False,False,True,False,True,False,False,False,True,False,True,True,True,False,0.2,0.4
16,3,4,1,2,0,5,3,3,1,1,5,4,False,True,True,True,False,False,False,True,False,False,True,False,False,True,False,False,True,False,True,True,False,True,True,True,True,False,0.4,0.4
16,4,4,1,2,0,4,4,5,5,5,5,16,False,True,True,False,True,False,False,False,True,False,False,False,True,True,False,False,True,False,False,True,True,True,True,True,True,True,0.11764705882352941,1.6
15,4,4,1,2,0,5,4,2,3,4,5,0,False,True,True,False,True,True,False,False,False,False,False,True,False,True,False,False,True,False,False,True,True,False,False,True,True,False,2.0,0.0
15,4,4,2,2,0,4,3,1,1,1,5,0,False,True,True,False,True,False,False,True,False,False,False,True,False,False,False,True,True,False,False,True,False,True,True,True,True,False,2.0,0.0
15,4,3,1,2,0,4,5,2,1,1,5,0,False,True,False,False,True,False,False,False,True,False,False,False,False,False,False,False,True,False,False,True,False,True,True,True,True,True,2.0,0.0
15,3,3,1,2,0,5,3,2,1,1,2,0,False,True,True,True,True,False,True,False,False,False,True,False,False,False,False,False,True,False,False,False,False,True,False,True,True,False,2.0,0.0
16,3,2,1,1,0,5,4,3,1,1,5,0,False,True,True,False,True,False,True,False,False,False,True,False,False,True,False,False,True,False,False,True,True,False,False,True,True,False,1.0,0.0
15,2,3,2,1,0,3,5,1,1,1,5,0,False,False,True,False,True,False,True,False,False,False,True,False,False,False,True,False,False,False,False,True,False,True,True,True,False,False,1.0,0.0
15,4,3,1,3,0,5,4,3,1,1,4,2,False,True,True,True,True,False,False,False,True,False,False,True,False,True,False,False,True,False,False,True,False,True,True,True,True,False,1.0,0.2
16,4,4,2,3,0,2,4,3,1,1,5,7,False,True,False,False,False,False,True,False,False,False,False,False,True,False,False,True,True,False,False,True,False,True,True,True,True,True,0.375,0.7
15,3,4,1,3,0,4,3,2,1,1,5,2,False,False,False,False,True,False,False,True,False,True,False,False,False,False,False,False,True,False,True,True,True,True,True,True,True,False,1.0,0.2
15,2,2,1,1,0,4,3,1,1,1,2,8,False,False,False,False,True,False,False,False,False,False,True,False,False,False,False,True,True,False,True,True,True,True,True,True,False,False,0.1111111111111111,0.8
16,2,2,2,2,1,3,3,3,1,2,3,25,False,False,True,True,True,False,True,False,False,False,True,False,False,True,False,False,True,False,False,True,False,True,False,True,True,True,0.07692307692307693,3.5
15,4,4,1,1,0,5,4,3,2,4,5,8,False,True,True,True,True,False,False,False,True,False,True,False,False,True,False,False,False,True,False,True,False,False,False,True,True,True,0.1111111111111111,0.8
15,4,4,1,2,0,4,3,3,1,1,5,2,False,True,True,False,True,False,False,True,False,False,False,False,True,False,False,False,False,False,False,True,False,True,True,True,True,False,0.6666666666666666,0.2
15,2,2,1,1,0,5,4,1,1,1,1,0,False,True,True,False,True,False,False,True,False,False,False,True,False,False,False,False,False,False,True,True,False,False,True,True,True,False,1.0,0.0
16,2,2,2,2,1,4,3,3,2,2,5,14,False,False,True,True,True,False,True,False,False,False,False,False,False,False,False,False,False,False,True,False,False,True,True,True,True,False,0.13333333333333333,2.4
15,4,3,1,2,0,5,2,2,1,1,5,8,False,False,True,True,False,False,True,False,False,False,True,False,False,False,False,False,True,False,True,True,True,True,True,True,True,True,0.2222222222222222,0.8
16,3,3,1,2,0,2,3,5,1,4,3,12,False,False,True,True,False,False,True,False,False,False,False,True,False,True,False,False,True,False,False,True,False,False,True,True,True,False,0.15384615384615385,1.2
16,4,3,1,4,0,4,2,2,1,1,2,4,False,True,True,False,True,True,False,False,False,False,False,True,False,False,False,True,True,False,False,False,False,True,True,True,True,False,0.8,0.4
15,4,2,1,2,0,4,3,3,2,2,5,2,False,True,True,False,True,False,False,False,True,False,True,False,False,True,False,False,True,False,False,True,True,False,True,True,False,False,0.6666666666666666,0.2
15,4,4,1,2,1,4,4,4,1,1,3,2,False,False,True,False,True,False,False,True,False,False,False,False,True,False,True,False,False,False,True,True,False,True,False,True,True,False,0.6666666666666666,1.2
16,2,2,3,2,0,4,3,3,2,3,4,2,False,False,True,True,True,False,False,True,False,False,False,True,False,False,False,False,True,False,False,True,True,False,True,True,True,False,0.6666666666666666,0.2
15,4,2,1,2,0,4,3,3,1,1,5,2,False,False,True,True,True,True,False,False,False,False,True,False,False,False,True,False,True,False,False,True,True,False,True,True,True,False,0.6666666666666666,0.2
15,4,2,2,1,1,5,5,5,3,4,5,6,False,True,True,True,False,True,False,False,False,True,False,False,False,False,True,False,False,False,False,False,False,False,True,True,False,False,0.14285714285714285,1.6
15,4,4,1,1,0,3,3,4,2,3,5,0,False,False,True,False,True,False,False,True,False,False,False,True,False,False,False,False,True,False,True,True,True,False,True,True,True,False,1.0,0.0
15,3,3,1,1,0,5,3,4,4,4,1,6,False,False,True,True,False,False,True,False,False,False,True,False,False,False,True,False,True,False,False,False,True,False,True,True,True,False,0.14285714285714285,0.6
16,2,1,1,2,0,5,3,4,1,1,2,8,False,False,True,False,False,False,True,False,False,False,True,False,False,False,True,False,True,False,False,False,True,True,True,True,True,True,0.2222222222222222,0.8
15,4,3,1,2,0,4,3,2,1,1,1,0,False,False,True,False,False,False,False,True,False,False,False,True,False,False,False,True,True,False,False,True,True,True,True,True,True,False,2.0,0.0
15,4,4,1,2,0,3,2,2,1,1,5,4,False,True,True,False,True,False,False,False,True,True,False,False,False,False,False,True,True,False,False,True,False,True,True,True,False,False,0.4,0.4
15,1,2,1,2,0,4,3,2,1,1,5,2,False,True,True,True,True,False,True,False,False,False,False,False,False,True,False,False,False,False,True,True,False,True,True,True,True,False,0.6666666666666666,0.2
16,4,2,1,2,0,4,2,3,1,1,5,2,False,False,True,False,True,False,False,True,False,False,True,False,False,False,False,False,True,False,False,True,False,False,True,True,True,False,0.6666666666666666,0.2
16,4,4,1,2,0,2,4,4,2,3,4,6,False,False,False,False,True,True,False,False,False,False,False,False,True,False,True,False,True,False,False,True,False,True,True,True,False,False,0.2857142857142857,0.6
16,1,1,4,1,0,5,5,5,5,5,5,6,False,False,True,False,True,False,False,True,False,False,False,True,False,False,False,False,False,False,True,True,False,True,False,True,True,True,0.14285714285714285,0.6
16,1,2,1,2,0,4,4,3,1,1,1,4,False,False,True,True,True,False,True,False,False,False,False,True,False,False,False,True,False,False,True,False,False,True,True,True,True,False,0.4,0.4
16,4,3,1,3,0,3,4,4,2,4,4,2,False,False,True,False,True,False,False,False,True,True,False,False,False,True,False,False,True,False,True,True,True,True,True,True,True,False,1.0,0.2
15,4,3,1,2,0,4,4,4,2,4,2,0,False,False,True,True,True,False,False,True,False,False,False,True,False,False,False,True,False,False,True,False,False,True,True,True,True,True,2.0,0.0
16,4,3,3,2,0,5,4,3,1,2,1,2,False,False,True,True,True,False,False,False,True,False,False,True,False,False,False,False,True,False,False,True,False,True,True,True,True,False,0.6666666666666666,0.2
15,4,4,1,4,0,1,3,3,5,5,3,4,False,True,True,False,False,False,True,False,False,False,False,True,False,False,False,True,True,False,False,True,False,True,False,True,True,True,0.8,0.4
16,3,1,1,4,0,4,3,3,1,2,5,4,False,False,True,False,True,False,False,True,False,False,True,False,False,False,False,False,True,False,True,True,True,False,True,True,True,False,0.8,0.4
15,2,2,2,2,0,4,1,3,1,3,4,2,False,False,False,True,True,True,False,False,False,False,False,True,False,False,False,True,True,False,True,True,True,False,True,True,True,False,0.6666666666666666,0.2
15,3,1,2,4,0,4,4,2,2,3,3,12,False,False,False,True,True,False,True,False,False,False,True,False,False,False,False,True,False,False,False,True,False,False,False,True,True,False,0.3076923076923077,1.2
16,3,1,2,4,0,4,3,2,1,1,5,0,False,True,True,False,True,False,True,False,False,False,True,False,False,False,False,True,False,False,False,True,True,False,True,True,True,False,4.0,0.0
15,4,2,1,4,0,3,3,3,1,1,3,0,False,True,True,False,True,False,True,False,False,False,True,False,False,False,False,False,True,False,False,False,False,False,True,True,True,False,4.0,0.0
15,1,1,1,2,2,3,3,4,2,4,5,2,False,False,False,False,True,False,True,False,False,False,True,False,False,False,False,True,True,False,True,True,False,False,False,True,True,True,0.6666666666666666,2.2
16,3,1,1,1,0,5,3,2,2,2,5,2,False,True,True,False,True,False,True,False,False,False,True,False,False,False,False,True,True,False,False,False,False,True,True,True,False,False,0.3333333333333333,0.2
16,3,3,1,2,0,4,3,3,2,4,5,54,False,False,True,False,True,False,True,False,False,False,False,True,False,True,False,False,True,False,True,True,True,True,True,True,True,False,0.03636363636363636,5.4
15,4,3,1,2,0,4,3,3,2,3,5,6,False,True,True,False,True,False,False,False,True,False,True,False,False,True,False,False,True,False,False,True,True,True,True,True,True,False,0.2857142857142857,0.6
15,4,0,2,4,0,3,4,3,1,1,1,8,False,True,True,False,True,False,False,False,True,False,True,False,False,False,False,False,True,False,False,False,False,True,True,True,True,False,0.4444444444444444,0.8
16,2,2,1,4,0,5,2,3,1,3,3,0,False,False,True,False,True,False,True,False,False,False,True,False,False,False,False,True,True,False,False,False,True,False,True,True,True,True,4.0,0.0
17,2,1,2,1,3,4,5,1,1,1,3,2,False,True,True,False,True,False,True,False,False,False,True,False,False,True,False,False,True,False,True,True,False,True,True,False,True,False,0.3333333333333333,3.2
16,3,4,1,2,0,2,4,3,1,2,3,12,False,False,True,False,True,False,False,False,False,False,True,False,False,False,False,False,True,False,False,True,False,False,True,True,True,False,0.15384615384615385,1.2
15,2,3,1,1,0,3,2,2,1,3,3,2,False,True,True,False,True,False,True,False,False,False,False,True,False,False,False,False,False,False,True,True,True,True,False,True,True,True,0.3333333333333333,0.2
15,2,3,1,3,0,5,3,2,1,2,5,4,False,True,True,False,True,False,True,False,False,False,True,False,False,True,False,False,True,False,True,False,True,False,False,True,True,False,0.6,0.4
15,3,2,1,2,0,4,4,4,1,1,5,10,False,False,True,True,True,False,False,True,False,False,True,False,False,False,False,True,True,False,False,True,True,False,True,True,True,False,0.18181818181818182,1.0
15,2,2,2,2,0,5,3,3,1,3,4,4,False,True,True,True,True,False,False,True,False,False,False,True,False,True,False,False,True,False,False,False,True,True,True,True,True,False,0.4,0.4
15,1,1,1,2,0,4,3,2,2,3,4,2,False,False,True,False,True,False,True,False,False,False,True,False,False,True,False,False,False,False,False,True,False,True,False,True,True,False,0.6666666666666666,0.2
15,4,4,2,2,2,4,4,4,2,3,5,6,False,False,True,False,True,False,False,True,False,False,False,True,False,False,False,True,False,False,False,False,True,False,True,True,True,True,0.2857142857142857,2.6
16,2,2,1,2,0,4,3,4,1,2,2,4,False,False,True,True,True,False,False,False,False,False,True,False,False,False,False,False,True,False,False,True,False,False,True,True,False,False,0.4,0.4
15,4,2,1,3,0,5,3,3,1,3,1,4,False,False,True,False,True,False,True,False,False,False,True,False,False,False,False,True,True,False,False,True,False,True,True,True,True,False,0.6,0.4
16,2,2,2,2,1,4,4,2,1,1,3,12,False,True,True,False,True,False,False,True,False,False,True,False,False,False,False,True,False,False,False,False,True,True,False,True,True,False,0.15384615384615385,2.2
16,4,4,1,2,0,4,1,3,3,5,5,18,False,True,True,True,False,False,False,False,True,True,False,False,False,False,False,True,True,False,False,True,False,False,True,True,False,False,0.10526315789473684,1.8
16,3,3,1,3,0,4,3,3,1,3,4,0,False,False,True,False,True,False,True,False,False,False,True,False,False,True,False,False,True,False,False,True,True,False,True,True,True,True,3.0,0.0
15,4,3,1,1,0,4,5,5,1,3,1,4,False,False,True,False,True,False,False,True,False,False,True,False,False,False,False,True,True,False,False,False,True,True,True,True,True,False,0.2,0.4
16,3,1,1,2,0,3,3,3,2,3,2,4,False,False,True,True,True,False,True,False,False,False,True,False,False,True,False,False,False,False,True,True,False,False,True,True,False,False,0.4,0.4
16,4,2,2,2,0,5,3,3,1,1,1,0,False,False,True,False,True,False,False,False,True,False,False,True,False,True,False,False,True,False,False,True,True,True,True,True,True,False,2.0,0.0
15,2,2,1,4,0,4,3,4,1,1,4,6,False,True,True,True,True,False,False,True,False,True,False,False,False,False,False,True,True,False,False,True,False,True,True,True,True,False,0.5714285714285714,0.6
15,1,1,2,4,1,3,1,2,1,1,1,2,False,False,False,False,True,False,False,False,False,False,True,False,False,True,False,False,True,False,True,True,True,True,True,True,True,False,1.3333333333333333,1.2
16,4,3,2,1,0,3,3,3,1,1,4,2,False,True,False,False,True,False,False,True,False,False,True,False,False,False,False,True,True,False,True,True,False,True,False,True,True,False,0.3333333333333333,0.2
16,2,1,1,2,0,4,3,5,1,1,5,2,False,False,True,False,True,False,True,False,False,False,True,False,False,False,False,False,True,False,False,True,True,False,True,True,False,True,0.6666666666666666,0.2
16,4,4,1,1,0,5,3,4,1,2,1,6,False,False,True,False,True,False,True,False,False,False,True,False,False,False,False,True,True,False,False,False,False,True,False,True,True,False,0.14285714285714285,0.6
16,4,3,1,3,0,5,3,5,1,1,3,0,False,False,True,False,True,False,True,False,False,False,False,False,False,False,False,False,True,False,True,True,True,False,True,True,True,False,3.0,0.0
16,4,4,1,1,0,4,5,5,5,5,4,14,False,True,True,False,True,False,False,True,False,False,False,True,False,False,True,False,True,False,True,True,True,True,True,True,True,False,0.06666666666666667,1.4
16,4,4,1,3,0,4,4,3,1,1,4,0,False,True,True,False,True,False,False,True,False,False,False,False,True,False,True,False,False,False,False,True,False,True,True,True,True,True,3.0,0.0
15,4,4,1,1,0,5,3,3,1,1,5,4,False,True,True,False,True,False,False,True,False,False,True,False,False,False,False,False,True,False,False,True,False,True,False,True,True,False,0.2,0.4
15,3,2,2,2,0,4,3,5,1,1,2,26,False,False,True,False,True,False,False,True,False,False,True,False,False,True,False,False,True,False,True,True,True,False,True,True,True,False,0.07407407407407407,2.6
15,3,4,1,2,0,5,4,4,1,1,1,0,False,True,True,False,False,False,False,True,False,False,True,False,False,False,False,False,True,False,False,True,True,True,True,True,True,False,2.0,0.0
15,3,3,1,4,0,4,3,3,1,1,4,10,False,False,True,False,False,False,True,False,False,True,False,False,False,False,False,True,False,False,True,False,False,False,True,True,False,False,0.36363636363636365,1.0
15,2,2,1,4,0,5,1,2,1,1,3,8,False,False,True,False,True,False,True,False,False,False,True,False,False,False,False,False,True,False,True,True,True,False,True,True,True,False,0.4444444444444444,0.8
16,3,3,1,3,0,5,3,3,1,1,5,2,False,True,True,False,True,False,False,True,False,False,True,False,False,True,False,False,False,False,False,True,False,True,True,True,True,False,1.0,0.2
15,4,4,4,4,0,1,3,5,3,5,1,6,False,True,False,False,True,False,True,False,False,False,True,False,False,True,False,False,False,False,False,True,True,True,True,True,True,True,0.5714285714285714,0.6
16,4,4,1,3,0,5,4,5,1,1,4,4,False,False,True,True,True,True,False,False,False,True,False,False,False,False,True,False,True,False,False,True,True,True,True,True,True,True,0.6,0.4
15,4,4,1,1,0,5,5,3,1,1,4,6,False,True,True,True,False,False,False,False,True,False,False,False,True,False,False,False,True,False,False,False,False,True,True,True,True,False,0.14285714285714285,0.6
16,3,3,1,3,1,4,1,2,1,1,2,0,False,False,False,False,True,False,False,True,False,False,True,False,False,False,False,True,False,False,True,True,False,True,True,True,True,False,3.0,1.0
16,2,2,1,2,1,3,1,2,1,1,5,6,False,False,True,False,True,False,False,False,False,False,True,False,False,True,False,False,True,False,True,False,False,True,True,True,True,False,0.2857142857142857,1.6
15,4,2,1,1,0,3,5,2,1,1,3,10,False,True,True,True,True,False,False,False,True,False,True,False,False,False,False,False,True,False,False,False,False,False,True,True,True,False,0.09090909090909091,1.0
15,2,1,1,2,0,5,4,2,1,1,5,8,False,True,False,False,True,True,False,False,False,False,False,True,False,False,False,True,True,False,False,False,False,True,True,True,True,True,0.2222222222222222,0.8
16,4,4,1,2,0,5,4,4,1,2,5,2,False,True,True,False,True,False,False,False,True,False,False,False,True,False,False,False,False,False,False,True,False,True,True,True,True,False,0.6666666666666666,0.2
15,4,4,2,2,0,4,4,3,1,1,2,2,False,True,True,False,True,False,True,False,False,False,False,False,True,False,False,True,False,False,False,True,False,True,True,True,False,False,0.6666666666666666,0.2
16,3,3,2,1,0,5,4,2,1,1,5,0,False,True,True,False,True,False,True,False,False,False,False,True,False,True,False,False,False,False,False,False,False,True,True,True,True,False,1.0,0.0
17,1,3,3,2,1,5,2,4,1,4,5,20,False,True,False,False,True,False,True,False,False,False,True,False,False,False,False,False,False,False,False,True,False,True,True,True,True,False,0.09523809523809523,3.0
15,3,4,1,1,0,3,4,3,1,2,4,6,False,True,True,False,True,False,True,False,False,False,True,False,False,False,False,True,False,False,False,False,False,False,True,True,True,False,0.14285714285714285,0.6
15,1,2,1,2,0,3,2,3,1,2,1,2,False,False,True,False,True,False,False,False,False,False,False,True,False,False,False,False,True,False,False,False,False,False,False,True,True,False,0.6666666666666666,0.2
15,2,2,1,4,0,5,5,4,1,2,5,6,False,True,True,False,True,False,False,True,False,False,False,True,False,True,False,False,False,False,False,True,True,True,True,True,True,False,0.5714285714285714,0.6
16,2,4,2,2,0,4,2,2,1,2,5,2,False,False,True,True,True,False,True,False,False,True,False,False,False,False,False,False,False,False,False,True,True,True,True,True,True,True,0.6666666666666666,0.2
16,4,4,1,1,0,3,4,4,1,4,5,18,False,True,True,False,True,True,False,False,False,False,True,False,False,False,False,False,True,False,False,True,False,True,True,True,True,False,0.05263157894736842,1.8
16,2,2,1,2,0,5,4,4,1,1,5,0,False,False,True,False,True,False,True,False,False,False,True,False,False,True,False,False,True,False,False,False,True,False,True,True,True,True,2.0,0.0
15,3,4,1,1,0,5,5,5,3,2,5,0,False,True,True,False,True,False,False,True,False,False,False,True,False,True,False,False,False,False,True,False,False,False,True,True,True,False,1.0,0.0
15,3,4,1,2,0,5,3,2,1,1,1,0,False,False,True,True,False,False,True,False,False,False,True,False,False,True,False,False,True,False,True,False,False,True,True,True,True,True,2.0,0.0
19,0,1,1,2,3,3,4,2,1,1,5,2,False,False,True,False,True,False,False,False,False,False,True,False,False,False,False,False,False,True,False,True,False,False,False,False,False,False,0.6666666666666666,3.2
18,2,2,1,1,2,3,3,3,1,2,4,0,False,True,False,False,True,False,False,True,False,False,True,False,False,False,False,True,True,False,False,True,False,True,True,True,True,False,1.0,2.0
16,4,4,1,1,0,3,5,5,2,5,4,8,False,True,False,False,True,False,False,False,True,False,False,False,True,False,False,False,True,False,False,False,True,True,True,True,True,False,0.1111111111111111,0.8
15,3,4,2,3,2,4,2,2,2,2,5,0,False,False,False,False,True,False,False,True,False,False,False,False,True,False,False,False,False,False,False,True,False,False,True,True,True,True,3.0,2.0
15,1,1,3,1,0,4,3,3,1,2,4,0,False,False,True,False,True,False,False,False,False,False,True,False,False,False,False,False,True,False,False,True,False,True,False,True,True,True,1.0,0.0
17,2,2,1,1,0,3,4,4,1,3,5,12,False,False,True,True,True,False,True,False,False,False,True,False,False,False,False,False,False,False,False,True,False,False,True,True,True,True,0.07692307692307693,1.2
16,3,4,1,1,0,3,2,1,1,4,5,16,False,False,True,False,False,False,False,True,False,False,True,False,False,False,False,False,False,False,False,False,False,False,True,True,True,False,0.058823529411764705,1.6
15,3,4,4,2,0,5,3,3,1,1,5,0,False,True,False,False,True,False,False,False,False,False,False,False,True,False,False,False,True,False,False,True,False,False,True,True,False,True,2.0,0.0
15,4,4,1,3,0,4,3,3,1,1,5,0,False,False,True,False,True,False,False,True,False,False,False,False,False,False,False,False,True,False,False,True,False,True,True,True,True,True,3.0,0.0
17,3,4,3,2,0,5,4,5,2,4,5,0,False,True,False,False,True,False,False,False,False,False,True,False,False,False,False,False,True,False,False,False,False,False,True,True,False,False,2.0,0.0
16,3,3,2,1,2,4,3,2,1,1,5,0,False,False,True,False,False,False,True,False,False,False,True,False,False,False,False,False,False,True,False,True,False,True,False,True,True,True,1.0,2.0
16,1,1,1,2,1,4,4,4,1,3,5,0,False,True,True,True,True,False,False,True,False,False,True,False,False,False,False,False,True,False,False,False,False,False,True,True,False,True,2.0,1.0
15,4,4,2,1,0,4,3,2,1,1,5,0,False,False,True,False,True,False,False,False,True,False,False,False,True,False,False,False,True,False,False,False,False,True,True,True,True,False,1.0,0.0
15,4,3,2,4,0,2,2,2,1,1,3,0,False,True,True,False,True,False,False,False,True,False,False,True,False,False,False,False,False,False,True,True,False,False,True,True,True,False,4.0,0.0
16,2,2,2,1,2,2,3,3,2,2,2,8,False,True,True,True,True,False,False,True,False,False,False,True,False,False,False,True,False,False,False,True,False,True,True,True,True,False,0.1111111111111111,2.8
15,4,4,1,3,0,4,2,2,1,1,5,2,False,False,True,False,True,False,False,False,True,False,False,True,False,False,False,False,True,False,False,True,True,True,True,True,True,False,1.0,0.2
16,1,1,1,1,0,3,4,4,3,3,1,2,False,False,True,True,True,False,False,False,False,False,False,False,False,False,False,False,True,False,False,False,False,False,True,True,True,False,0.3333333333333333,0.2
17,2,1,1,1,3,5,4,5,1,2,5,0,False,True,True,False,True,False,True,False,False,False,True,False,False,True,False,False,True,False,False,True,False,False,True,True,True,False,1.0,3.0
15,1,1,1,2,0,4,4,2,1,2,5,0,False,False,True,False,True,False,True,False,False,False,False,True,False,False,False,False,False,False,False,True,True,False,True,True,True,False,2.0,0.0
15,3,2,1,2,3,3,3,2,1,1,3,0,False,False,True,False,True,True,False,False,False,False,False,True,False,True,False,False,False,False,False,True,False,False,True,True,True,False,2.0,3.0
15,1,2,1,2,0,4,3,2,1,1,5,2,False,False,True,False,True,False,False,False,False,False,True,False,False,False,False,False,True,False,False,True,True,False,False,True,True,False,0.6666666666666666,0.2
16,4,4,1,1,0,3,3,2,2,1,5,0,False,True,True,False,True,False,False,False,True,False,False,False,True,False,False,False,True,False,False,True,False,False,True,False,True,True,1.0,0.0
15,2,1,4,1,3,4,5,5,2,5,5,0,False,True,True,True,False,False,False,True,False,False,True,False,False,False,False,False,True,False,False,False,False,False,True,True,True,False,1.0,3.0
18,1,1,1,1,3,2,3,5,2,5,4,0,False,True,True,True,True,False,True,False,False,False,True,False,False,False,False,False,True,False,False,False,False,False,True,False,True,True,1.0,3.0
16,2,1,1,1,1,4,4,4,3,5,5,6,False,True,True,True,True,False,False,False,False,False,True,False,False,False,False,False,True,False,False,False,False,True,True,True,False,True,0.14285714285714285,1.6
15,3,3,2,3,2,4,2,1,2,3,3,8,False,False,False,False,True,False,False,True,False,False,False,True,False,False,False,True,False,True,False,True,True,True,True,True,True,True,0.3333333333333333,2.8
19,3,2,1,1,3,4,5,4,1,1,4,0,False,True,True,False,True,False,False,True,False,False,False,False,False,True,False,False,True,False,False,True,False,False,True,False,True,True,1.0,3.0
17,4,4,1,1,0,4,2,1,1,1,4,0,False,False,True,False,True,False,True,False,False,False,False,False,True,False,False,False,True,False,True,True,False,False,True,True,False,True,1.0,0.0
15,2,3,1,2,0,4,4,4,1,1,1,2,False,True,False,False,True,False,False,False,False,False,False,True,False,False,False,False,True,False,True,False,True,True,True,True,False,False,0.6666666666666666,0.2
17,1,2,1,1,0,2,2,2,3,3,5,8,False,True,False,True,True,False,True,False,False,False,True,False,False,False,False,True,True,False,False,False,False,False,True,True,False,False,0.1111111111111111,0.8
18,1,1,3,1,3,5,2,5,1,5,4,6,False,False,False,False,True,False,False,False,False,False,True,False,False,False,False,False,True,False,False,True,False,True,False,True,False,False,0.14285714285714285,3.6
16,2,2,3,1,0,4,2,2,1,2,3,2,False,True,False,False,True,False,False,False,False,False,True,False,False,False,False,False,True,False,False,False,False,False,False,True,False,False,0.3333333333333333,0.2
16,3,3,1,2,1,4,5,5,4,4,5,4,False,True,True,False,True,False,True,False,False,False,False,True,False,False,False,False,False,False,False,True,True,False,True,True,True,True,0.4,1.4
17,2,1,2,1,2,3,3,2,2,2,5,0,False,True,False,True,True,False,False,False,False,False,True,False,False,False,False,False,True,False,False,False,False,True,True,False,True,True,1.0,2.0
15,3,2,2,2,2,4,4,4,1,4,3,6,False,True,False,False,True,False,True,False,False,False,True,False,False,False,False,False,True,False,True,True,False,False,True,True,True,True,0.2857142857142857,2.6
16,1,2,2,1,1,4,4,4,2,4,5,0,False,True,True,True,True,False,True,False,False,False,True,False,False,False,False,False,True,False,False,False,False,True,True,True,False,False,1.0,1.0
17,1,3,1,1,0,5,3,3,1,4,2,2,False,True,True,False,True,False,False,False,False,False,False,True,False,False,False,False,False,False,False,False,False,False,True,False,True,False,0.3333333333333333,0.2
17,1,1,4,2,3,5,3,5,1,5,5,0,False,True,False,True,True,False,True,False,False,False,False,True,False,False,False,False,True,False,False,False,False,True,True,False,False,True,2.0,3.0
16,3,2,2,1,1,4,5,2,1,1,2,16,False,True,True,False,True,False,False,True,False,False,False,True,False,False,False,False,True,False,False,True,False,True,False,False,False,False,0.058823529411764705,2.6
16,2,2,1,2,0,4,3,5,2,4,4,4,False,True,True,False,True,False,True,False,False,False,True,False,False,False,False,False,False,False,False,False,False,False,True,False,True,False,0.4,0.4
16,4,2,1,2,0,4,2,3,1,1,3,0,False,False,True,False,True,True,False,False,False,False,False,True,False,True,False,False,False,False,False,False,True,False,True,True,True,True,2.0,0.0
16,2,2,1,2,0,5,1,5,1,1,4,0,False,False,True,False,True,False,True,False,False,False,True,False,False,True,False,False,True,False,False,True,True,False,False,True,True,False,2.0,0.0
16,4,4,1,2,0,4,4,2,1,1,3,0,False,False,True,False,True,True,False,False,False,True,False,False,False,False,False,True,True,False,False,True,True,False,True,True,True,True,2.0,0.0
16,3,4,3,1,2,3,4,5,2,4,2,0,False,True,True,False,True,False,True,False,False,False,True,False,False,False,False,False,False,False,False,True,False,True,False,True,True,False,1.0,2.0
16,1,0,2,2,0,4,3,2,1,1,3,2,False,True,True,False,True,False,True,False,False,False,True,False,False,False,False,True,True,False,False,True,True,True,True,True,True,True,0.6666666666666666,0.2
17,4,4,1,2,0,4,4,4,1,3,5,0,False,True,True,True,True,False,False,False,True,False,True,False,False,False,False,True,True,False,False,True,True,True,True,True,True,False,2.0,0.0
16,1,3,1,2,3,4,3,5,1,1,3,0,False,False,True,False,True,False,False,False,False,False,False,True,False,True,False,False,True,False,False,False,False,True,False,True,True,True,2.0,3.0
16,3,3,2,2,0,4,4,5,1,1,4,4,False,False,True,True,True,False,True,False,False,False,True,False,False,False,False,True,True,False,False,True,True,True,True,True,True,False,0.4,0.4
17,4,3,2,2,0,4,4,4,4,4,4,4,False,True,True,True,True,False,False,False,True,False,True,False,False,False,False,False,True,False,False,False,True,True,True,True,True,False,0.4,0.4
16,2,2,2,2,0,3,4,4,1,4,5,2,False,False,True,False,True,False,False,True,False,False,True,False,False,False,False,True,True,False,False,False,True,True,False,True,True,False,0.6666666666666666,0.2
17,3,3,1,2,0,4,3,4,1,4,4,4,False,True,True,False,True,False,True,False,False,False,True,False,False,False,False,True,False,False,False,False,False,True,False,True,True,False,0.4,0.4
16,4,2,1,1,0,4,3,3,3,4,3,10,False,True,False,False,True,False,False,False,True,False,False,True,False,False,True,False,True,False,False,True,False,True,True,True,True,True,0.09090909090909091,1.0
17,4,3,1,2,0,5,2,3,1,1,2,4,False,True,True,False,True,False,True,False,False,False,True,False,False,False,False,False,True,False,False,True,False,True,True,True,True,True,0.4,0.4
16,4,3,1,2,0,3,4,3,2,3,3,10,False,True,True,False,True,False,False,False,True,False,True,False,False,True,False,False,True,False,False,True,True,True,True,True,True,False,0.18181818181818182,1.0
16,3,3,1,2,0,4,2,3,1,2,3,2,False,True,True,False,True,False,False,True,False,False,True,False,False,True,False,False,True,False,False,False,True,True,True,True,True,True,0.6666666666666666,0.2
17,2,4,1,2,0,5,4,2,2,3,5,0,False,False,True,False,True,False,False,True,False,False,False,True,False,False,False,True,False,False,False,True,False,True,True,True,False,False,2.0,0.0
17,3,3,1,2,0,5,3,3,2,3,1,56,False,False,True,True,True,False,True,False,False,False,True,False,False,False,False,True,True,False,False,True,False,True,True,True,True,True,0.03508771929824561,5.6
16,3,2,1,2,0,1,2,2,1,2,1,14,False,False,True,False,True,False,True,False,False,False,True,False,False,False,False,True,True,False,False,True,True,False,True,True,True,False,0.13333333333333333,1.4
17,3,3,1,2,0,4,3,4,2,3,4,12,False,True,True,False,True,False,False,True,False,False,False,True,False,False,True,False,True,False,False,True,False,True,True,True,True,True,0.15384615384615385,1.2
16,1,2,1,1,0,3,3,3,1,2,3,2,False,True,True,False,True,False,False,True,False,False,False,True,False,False,True,False,True,False,False,True,True,True,True,True,True,True,0.3333333333333333,0.2
16,2,1,1,2,0,4,2,3,1,2,5,0,False,True,True,True,True,False,True,False,False,False,True,False,False,False,False,False,True,False,False,False,True,True,True,True,True,True,2.0,0.0
17,3,3,1,2,0,3,3,3,1,3,3,6,False,False,True,False,False,True,False,False,False,False,True,False,False,False,False,True,True,False,False,True,False,False,False,True,True,True,0.2857142857142857,0.6
17,1,2,1,2,0,3,1,3,1,5,3,4,False,True,False,False,True,False,False,False,False,False,True,False,False,True,False,False,True,False,False,False,False,False,True,True,False,False,0.4,0.4
16,2,3,1,2,0,4,3,3,1,1,2,10,False,False,True,False,True,False,False,True,False,False,False,True,False,False,False,False,True,False,False,False,False,False,True,True,True,False,0.18181818181818182,1.0
17,1,1,1,2,0,5,3,3,1,1,3,0,False,False,True,False,True,False,False,False,False,False,False,True,False,False,False,False,True,False,False,False,False,True,True,True,True,False,2.0,0.0
17,1,2,2,2,0,4,4,4,4,5,5,12,False,True,True,False,True,False,False,False,False,False,False,True,False,False,True,False,False,True,False,False,True,True,False,True,True,False,0.15384615384615385,1.2
16,3,3,1,1,0,4,3,2,3,4,5,8,False,True,False,False,True,False,False,True,False,False,False,True,False,False,False,True,True,False,False,True,False,True,True,True,True,False,0.1111111111111111,0.8
16,2,3,2,1,0,5,3,3,1,1,3,0,False,True,True,False,True,False,True,False,False,False,True,False,False,True,False,False,False,False,False,False,False,False,True,True,True,False,1.0,0.0
17,2,4,1,2,0,4,3,2,1,1,5,0,False,False,True,True,True,False,False,True,False,False,False,True,False,False,False,False,False,False,False,False,False,True,True,True,True,True,2.0,0.0
17,4,4,1,1,0,5,2,3,1,2,5,4,False,True,True,False,True,False,False,True,False,False,False,False,True,True,False,False,True,False,False,False,False,False,True,True,True,False,0.2,0.4
16,3,3,3,1,0,3,3,4,3,5,3,8,False,True,False,True,True,False,False,False,True,False,True,False,False,True,False,False,False,False,False,True,True,True,True,True,True,False,0.1111111111111111,0.8
17,4,4,2,1,1,4,2,4,2,3,2,24,False,False,True,False,True,False,False,True,False,False,False,False,True,True,False,False,True,False,False,True,False,False,True,True,True,False,0.04,3.4
16,4,4,1,2,0,4,5,2,1,2,3,0,False,False,True,True,True,False,False,False,True,False,False,False,True,False,False,True,True,False,False,True,True,False,True,True,True,False,2.0,0.0
16,4,3,1,2,0,4,3,5,1,5,2,2,False,False,True,False,True,True,False,False,False,False,True,False,False,True,False,False,True,False,False,True,False,True,True,True,True,False,0.6666666666666666,0.2
16,2,3,1,2,0,4,4,3,1,3,4,6,False,False,True,False,True,False,True,False,False,False,True,False,False,False,False,True,True,False,True,True,True,True,True,True,False,False,0.2857142857142857,0.6
17,1,1,1,2,0,4,4,4,1,3,1,4,False,False,True,False,True,False,True,False,False,False,True,False,False,False,False,False,True,False,False,True,True,False,False,True,False,False,0.4,0.4
17,2,2,1,1,0,5,3,2,1,2,3,18,False,False,False,False,True,False,True,False,False,False,True,False,False,False,False,True,True,False,False,True,False,False,True,True,True,False,0.05263157894736842,1.8
16,2,2,2,4,0,5,3,5,1,1,5,6,False,False,False,False,True,False,False,True,False,False,False,True,False,False,False,True,True,False,False,True,True,True,False,True,True,False,0.5714285714285714,0.6
17,3,4,1,3,1,4,4,3,3,4,5,28,False,False,True,False,True,False,False,False,False,False,False,True,False,True,False,False,True,False,False,True,True,False,True,True,True,True,0.10344827586206896,3.8
16,3,1,1,2,3,2,3,3,2,2,4,5,False,False,True,False,False,False,False,True,False,False,True,False,False,False,False,False,True,False,False,True,True,False,True,True,True,False,0.3333333333333333,3.5
16,4,3,1,2,0,1,3,2,1,1,1,10,False,False,True,False,True,False,False,False,True,False,True,False,False,False,True,False,True,False,False,False,True,True,True,True,True,True,0.18181818181818182,1.0
16,1,1,2,1,0,4,3,2,1,4,5,6,False,False,True,False,True,False,False,False,False,False,True,False,False,True,False,False,True,False,False,True,True,False,True,True,False,False,0.14285714285714285,0.6
17,4,3,2,3,0,4,4,2,1,1,4,6,False,False,False,False,True,False,False,False,True,False,True,False,False,False,False,True,True,False,False,True,True,True,True,True,True,True,0.42857142857142855,0.6
19,3,3,1,4,0,4,3,3,1,2,3,10,False,False,True,False,True,False,True,False,False,False,True,False,False,False,False,True,False,True,False,True,True,True,True,True,True,False,0.36363636363636365,1.0
17,4,4,1,2,0,5,3,5,4,5,3,13,False,True,True,True,True,False,False,True,False,False,True,False,False,True,False,False,True,False,False,True,True,False,True,True,True,True,0.14285714285714285,1.3
16,2,2,1,2,0,3,3,4,1,1,4,0,False,False,True,False,False,False,True,False,False,False,True,False,False,False,False,True,True,False,True,True,True,False,True,True,True,False,2.0,0.0
18,2,2,1,2,1,4,4,4,2,4,5,15,False,True,True,False,True,False,False,True,False,False,True,False,False,True,False,False,True,False,False,True,True,True,True,True,True,False,0.125,2.5
17,4,4,1,1,0,5,2,1,1,2,3,12,False,False,False,True,True,False,False,True,False,False,True,False,False,False,True,False,True,False,False,True,True,False,True,True,False,False,0.07692307692307693,1.2
17,3,2,2,2,0,4,4,4,1,3,1,2,False,False,True,True,True,False,True,False,False,False,True,False,False,False,False,True,True,False,False,False,True,False,True,True,True,False,0.6666666666666666,0.2
17,4,3,1,2,2,3,4,5,2,4,1,22,False,False,True,False,True,False,True,False,False,False,True,False,False,False,False,True,True,False,False,False,True,False,True,True,True,True,0.08695652173913043,4.2
18,3,3,1,2,1,3,2,4,2,4,4,13,False,True,True,True,True,False,False,True,False,True,False,False,False,True,False,False,False,False,False,True,True,False,True,True,True,False,0.14285714285714285,2.3
17,2,3,2,1,0,3,3,3,1,4,3,3,False,False,True,False,True,False,False,False,False,False,True,False,False,True,False,False,False,False,False,True,True,False,True,True,False,False,0.25,0.3
17,2,2,1,3,0,4,3,3,1,1,4,4,False,False,True,False,True,False,False,False,False,False,False,False,False,False,False,False,True,False,False,True,True,True,True,True,True,False,0.6,0.4
17,2,1,2,2,0,4,2,5,1,2,5,2,False,False,False,False,True,False,False,False,False,False,False,True,False,False,False,True,True,False,False,True,False,True,True,True,True,False,0.6666666666666666,0.2
17,1,1,1,3,1,4,3,4,1,1,5,0,False,False,True,False,True,False,False,False,False,False,True,False,False,False,False,True,True,False,False,True,False,True,True,True,False,True,3.0,1.0
16,2,3,1,2,0,2,3,1,1,1,3,2,False,False,True,False,True,False,False,True,False,False,False,False,True,False,True,False,True,False,True,False,False,False,True,True,True,False,0.6666666666666666,0.2
18,2,2,2,2,0,3,3,3,5,5,4,0,False,True,True,False,True,False,True,False,False,False,True,False,False,True,False,False,True,False,False,True,True,False,True,True,True,False,2.0,0.0
16,4,4,1,3,0,5,3,2,1,1,5,0,False,False,True,False,True,False,False,False,True,False,False,True,False,True,False,False,True,False,False,True,False,True,False,True,True,False,3.0,0.0
18,3,1,1,2,1,5,3,3,1,1,4,16,False,False,False,False,True,False,True,False,False,False,True,False,False,False,False,True,True,False,False,False,False,True,True,True,True,True,0.11764705882352941,2.6
17,3,2,1,2,0,5,3,4,1,3,3,10,False,False,True,False,True,False,True,False,False,False,True,False,False,False,False,False,True,False,False,False,False,True,False,True,True,False,0.18181818181818182,1.0
17,2,3,1,2,0,5,3,3,1,3,3,2,False,True,True,True,True,False,False,True,False,False,False,True,False,False,False,True,False,False,False,True,True,False,False,True,True,False,0.6666666666666666,0.2
18,2,1,4,2,0,4,3,2,4,5,3,14,False,True,True,True,True,False,False,False,False,False,True,False,False,False,False,False,True,False,True,True,True,True,True,True,True,True,0.13333333333333333,1.4
17,2,1,2,3,0,3,2,3,1,2,3,10,False,False,True,False,False,False,True,False,False,False,True,False,False,False,False,False,True,False,False,False,False,True,True,True,True,True,0.2727272727272727,1.0
17,4,3,1,2,0,3,2,3,1,2,3,14,False,False,True,True,True,True,False,False,False,False,True,False,False,False,False,True,False,False,False,False,False,True,True,True,True,True,0.13333333333333333,1.4
17,2,2,2,2,0,4,5,2,1,1,1,4,False,True,False,False,True,False,True,False,False,False,True,False,False,False,False,False,False,False,False,True,True,True,True,True,True,False,0.4,0.4
17,4,4,1,2,0,4,5,5,1,3,2,14,False,True,True,False,True,False,False,False,True,False,False,False,True,False,False,True,True,False,True,True,False,True,True,True,True,True,0.13333333333333333,1.4
16,4,4,1,2,0,4,2,4,2,4,1,2,False,True,True,False,True,True,False,False,False,False,True,False,False,False,False,True,False,False,False,True,True,True,True,True,True,False,0.6666666666666666,0.2
16,1,1,2,2,0,3,4,2,1,1,5,18,False,True,True,True,True,False,True,False,False,False,True,False,False,True,False,False,True,False,False,True,True,False,True,True,True,False,0.10526315789473684,1.8
16,3,2,2,3,0,5,3,3,1,3,2,10,False,True,True,False,True,False,False,False,False,False,True,False,False,False,False,True,True,False,False,False,False,True,True,True,True,True,0.2727272727272727,1.0
17,2,2,1,2,0,4,4,2,5,5,4,4,False,True,True,True,True,False,True,False,False,False,True,False,False,True,False,False,False,False,False,False,True,True,False,True,True,True,0.4,0.4
16,2,1,1,1,0,4,5,2,1,1,5,20,False,False,True,False,True,False,True,False,False,False,True,False,False,True,False,False,True,False,False,False,False,False,True,True,True,True,0.047619047619047616,2.0
17,2,1,3,2,0,2,1,1,1,1,3,2,False,False,False,False,True,False,False,False,False,False,False,True,False,False,False,False,True,False,False,False,False,True,True,True,False,False,0.6666666666666666,0.2
18,2,2,1,2,1,5,5,4,3,5,2,0,False,True,True,False,True,False,True,False,False,False,False,True,False,False,False,True,False,False,False,False,False,False,True,False,True,False,2.0,1.0
17,4,3,2,2,0,2,5,5,1,4,5,14,False,True,True,True,True,True,False,False,False,False,True,False,False,False,False,False,True,False,False,False,False,True,True,True,True,True,0.13333333333333333,1.4
17,4,4,2,2,0,3,3,3,2,3,4,2,False,True,False,True,False,False,False,False,True,False,True,False,False,False,False,False,True,False,False,True,True,False,True,True,True,False,0.6666666666666666,0.2
16,4,3,1,1,0,5,4,5,1,1,3,0,False,True,True,True,True,False,False,False,True,False,True,False,False,False,False,False,True,False,False,False,False,True,False,True,True,False,1.0,0.0
16,4,4,1,1,0,5,3,2,1,2,5,0,False,True,True,False,True,False,False,True,False,False,False,True,False,False,False,False,True,False,False,False,False,True,True,True,True,False,1.0,0.0
18,2,1,2,3,0,4,4,4,1,1,3,0,False,False,True,False,True,False,True,False,False,False,True,False,False,False,False,False,False,True,False,True,True,False,False,True,True,True,3.0,0.0
16,2,1,3,1,0,4,3,3,1,1,4,6,False,True,True,False,True,False,True,False,False,False,True,False,False,False,False,False,True,False,False,False,False,False,True,True,True,False,0.14285714285714285,0.6
17,2,3,2,1,0,5,2,2,1,1,2,4,False,True,True,False,True,False,True,False,False,False,True,False,False,False,False,False,False,False,False,False,False,False,True,True,True,False,0.2,0.4
22,3,1,1,1,3,5,4,5,5,5,1,16,False,True,True,False,True,False,False,True,False,False,False,True,False,False,True,False,True,False,False,False,False,False,False,False,True,True,0.058823529411764705,4.6
18,3,3,1,2,1,4,3,3,1,3,5,8,False,True,False,True,True,False,True,False,False,False,False,True,False,False,False,False,True,False,False,True,False,False,True,True,True,True,0.2222222222222222,1.8
16,0,2,1,1,0,4,3,2,2,4,5,0,False,True,True,False,True,False,True,False,False,False,True,False,False,False,True,False,True,False,False,False,True,False,False,True,True,False,1.0,0.0
18,3,2,2,1,1,4,4,5,2,4,5,0,False,True,True,False,True,False,False,True,False,False,True,False,False,False,False,False,True,False,False,False,False,False,True,False,True,False,1.0,1.0
16,3,3,3,2,0,5,3,3,1,3,2,6,False,True,True,False,True,False,False,False,False,False,True,False,False,False,False,True,False,True,True,True,False,False,False,True,True,False,0.2857142857142857,0.6
18,2,1,1,1,1,3,2,5,2,5,5,4,False,True,True,False,True,False,False,True,False,False,False,True,False,False,True,False,True,False,False,False,False,False,False,False,True,False,0.2,1.4
16,2,1,2,1,0,3,3,2,1,3,3,0,False,True,False,False,True,False,True,False,False,False,True,False,False,False,False,False,True,False,False,False,False,True,False,True,False,False,1.0,0.0
17,2,1,1,1,0,4,4,2,2,4,5,0,False,True,False,False,True,False,True,False,False,False,True,False,False,False,False,False,True,False,False,False,False,False,False,True,True,False,1.0,0.0
17,1,1,2,1,1,4,4,4,1,2,5,2,False,True,True,True,True,True,False,False,False,False,True,False,False,False,False,False,True,False,False,True,False,True,True,True,True,False,0.3333333333333333,1.2
17,4,2,1,4,0,4,2,3,1,1,4,6,False,False,True,True,True,False,False,False,True,False,False,True,False,False,False,True,True,False,False,True,True,True,True,True,True,False,0.5714285714285714,0.6
19,4,3,1,2,0,4,3,1,1,1,1,12,False,True,True,True,False,False,False,True,False,False,False,False,False,False,False,True,True,False,False,True,False,False,True,True,True,False,0.15384615384615385,1.2
18,2,1,1,2,0,5,2,4,1,2,4,8,False,True,True,False,True,False,True,False,False,False,True,False,False,True,False,False,True,False,False,False,False,True,True,True,True,False,0.2222222222222222,0.8
17,2,2,1,4,0,3,4,1,1,1,2,0,False,False,True,True,True,False,False,True,False,False,False,True,False,False,False,False,False,False,False,False,True,True,True,True,True,True,4.0,0.0
18,4,3,1,2,0,3,1,2,1,3,2,21,False,False,True,False,True,False,False,True,False,False,True,False,False,True,False,False,False,False,False,True,True,False,True,True,True,True,0.09090909090909091,2.1
18,4,3,1,2,0,4,3,2,1,1,3,2,False,True,True,False,True,False,False,False,True,False,True,False,False,False,False,False,True,False,False,True,True,False,False,True,True,False,0.6666666666666666,0.2
18,3,2,1,3,0,5,3,2,1,1,3,1,False,True,False,False,True,False,True,False,False,False,True,False,False,False,False,False,True,False,False,False,False,True,False,True,False,False,1.5,0.1
17,3,3,1,3,0,3,2,3,1,1,4,4,False,False,True,False,True,False,True,False,False,False,True,False,False,True,False,False,True,False,False,False,False,True,False,True,False,False,0.6,0.4
18,2,2,1,3,0,4,3,3,1,1,3,0,False,False,True,False,True,False,False,False,False,False,False,True,False,True,False,False,True,False,False,True,True,True,True,True,True,True,3.0,0.0
18,3,4,2,2,0,4,2,5,3,4,1,13,False,True,False,True,False,False,True,False,False,False,True,False,False,False,False,True,True,False,False,True,True,True,True,True,True,False,0.14285714285714285,1.3
17,3,1,1,2,0,5,4,4,3,4,5,2,False,True,True,False,True,False,False,True,False,False,True,False,False,False,True,False,True,False,False,False,True,True,True,True,True,True,0.6666666666666666,0.2
18,4,4,2,2,0,4,3,4,2,2,4,8,False,False,False,False,True,False,False,False,True,False,True,False,False,False,False,True,True,False,False,False,True,True,True,True,True,False,0.2222222222222222,0.8
18,4,2,1,2,0,5,4,5,1,3,5,10,False,True,True,False,True,True,False,False,False,False,True,False,False,False,False,True,False,False,False,True,True,True,True,True,True,True,0.18181818181818182,1.0
18,2,1,2,2,0,4,3,5,1,2,3,0,False,False,False,False,True,False,True,False,False,False,True,False,False,False,False,True,True,False,False,True,False,False,True,False,True,True,2.0,0.0
19,3,3,1,2,2,4,3,5,3,3,5,15,False,False,True,False,True,False,True,False,False,False,False,True,False,True,False,False,False,True,False,True,True,True,True,True,True,False,0.125,3.5
18,2,3,1,4,0,4,5,5,1,3,2,4,False,False,True,False,True,False,True,False,False,False,False,True,False,False,False,True,False,False,False,True,True,True,True,True,True,True,0.8,0.4
18,1,1,2,2,0,4,4,3,1,1,3,2,False,False,True,True,True,False,True,False,False,False,True,False,False,True,False,False,True,False,False,True,True,False,False,True,False,False,0.6666666666666666,0.2
17,1,2,1,2,0,3,5,2,2,2,1,2,False,True,False,False,True,False,False,False,False,False,False,False,False,True,False,False,True,False,False,True,True,True,False,True,False,True,0.6666666666666666,0.2
17,2,4,2,2,0,4,3,3,1,1,1,2,False,False,True,False,True,False,False,False,False,True,False,False,False,False,False,True,True,False,False,True,True,False,True,True,True,True,0.6666666666666666,0.2
17,2,2,2,2,0,4,4,4,2,3,5,6,False,False,True,True,True,False,False,True,False,False,True,False,False,False,False,False,True,False,True,True,True,False,True,True,True,True,0.2857142857142857,0.6
18,3,2,2,2,0,4,1,1,1,1,5,75,False,False,False,False,False,False,True,False,False,False,False,True,False,True,False,False,True,False,False,False,False,False,False,False,True,True,0.02631578947368421,7.5
18,4,4,2,1,0,3,2,4,1,4,3,22,False,True,True,False,True,False,False,False,True,False,False,True,False,True,False,False,True,False,False,False,True,True,True,True,True,False,0.043478260869565216,2.2
18,4,4,1,2,1,2,4,4,1,1,4,15,False,False,True,False,True,True,False,False,False,True,False,False,False,False,False,True,False,False,True,True,False,True,True,True,True,True,0.125,2.5
18,4,3,2,1,0,4,2,3,1,2,1,8,False,True,True,True,True,False,False,False,True,False,False,True,False,False,False,False,True,False,False,False,True,True,True,True,True,False,0.1111111111111111,0.8
17,4,1,2,1,0,4,5,4,2,4,5,30,False,True,True,True,False,False,False,True,False,False,True,False,False,True,False,False,True,False,False,False,True,True,True,True,True,True,0.03225806451612903,3.0
17,3,2,1,1,1,4,4,4,3,4,3,19,False,True,True,True,False,False,False,False,True,False,False,True,False,True,False,False,True,False,False,False,False,False,True,True,True,False,0.05,2.9
18,1,1,2,4,0,5,2,2,1,1,3,1,False,False,False,True,True,False,False,False,False,False,True,False,False,False,False,True,True,False,False,True,True,True,True,True,False,False,2.0,0.1
18,1,1,2,2,0,5,4,4,1,1,4,4,False,False,True,False,True,False,True,False,False,False,True,False,False,True,False,False,True,False,True,False,False,True,True,True,True,False,0.4,0.4
17,2,2,1,2,0,5,4,5,1,2,5,4,False,False,True,False,True,False,True,False,False,False,True,False,False,False,False,False,True,False,False,True,False,False,False,True,True,False,0.4,0.4
17,1,1,1,2,0,4,3,3,1,2,4,2,False,True,True,False,True,False,True,False,False,False,True,False,False,False,False,True,False,False,False,False,True,False,False,True,True,False,0.6666666666666666,0.2
18,2,2,1,3,0,4,3,3,1,2,2,5,False,False,True,False,True,False,False,False,False,False,False,False,False,False,True,False,True,False,False,True,True,False,True,True,True,False,0.5,0.5
17,1,1,1,3,0,4,3,3,1,1,3,6,False,False,True,False,True,False,False,True,False,False,False,False,True,False,False,True,True,False,False,True,True,False,True,True,True,False,0.42857142857142855,0.6
18,2,1,1,3,0,4,2,4,1,3,2,6,False,True,True,False,True,False,False,True,False,False,False,True,False,False,False,True,True,False,False,False,True,True,True,True,True,False,0.42857142857142855,0.6
18,4,4,1,2,0,5,4,3,1,1,2,9,False,True,True,True,False,False,False,False,True,False,False,False,True,False,False,True,True,False,False,True,True,True,True,True,True,False,0.2,0.9
18,4,2,1,2,0,4,3,2,1,4,5,11,False,True,True,False,True,False,False,False,True,False,True,False,False,True,False,False,True,False,False,True,True,True,True,True,True,True,0.16666666666666666,1.1
17,4,3,1,3,0,4,2,2,1,2,3,0,False,False,True,False,True,True,False,False,False,False,False,True,False,False,False,True,True,False,False,True,True,False,True,True,True,False,3.0,0.0
18,2,1,1,2,1,5,4,3,1,1,5,12,False,False,True,True,True,False,False,True,False,False,False,False,False,False,False,True,True,False,False,False,False,False,True,True,True,True,0.15384615384615385,2.2
17,3,1,2,4,0,3,1,2,1,1,3,6,False,False,False,True,True,False,False,True,False,False,True,False,False,False,False,True,True,False,False,True,True,False,True,True,False,False,0.5714285714285714,0.6
18,3,2,2,3,0,5,4,2,1,1,4,8,False,True,False,True,True,False,False,True,False,False,True,False,False,False,False,True,True,False,False,True,True,True,True,True,True,False,0.3333333333333333,0.8
17,3,3,1,1,0,4,4,3,1,3,5,4,False,True,True,False,True,True,False,False,False,False,True,False,False,True,False,False,True,False,False,True,True,False,True,True,True,False,0.2,0.4
19,4,4,2,2,0,2,3,4,2,3,2,0,False,False,True,False,True,True,False,False,False,False,True,False,False,False,False,True,False,True,False,True,True,True,True,True,True,False,2.0,0.0
18,4,3,2,2,0,4,4,5,1,2,2,10,False,False,True,True,True,False,True,False,False,False,True,False,False,True,False,False,False,True,False,True,True,False,True,True,True,True,0.18181818181818182,1.0
18,4,3,1,4,0,4,3,3,1,1,3,0,False,False,True,False,True,False,True,False,False,False,True,False,False,False,False,True,False,False,False,True,True,False,True,True,True,False,4.0,0.0
18,4,4,1,1,0,1,4,2,2,2,1,5,False,True,True,True,True,False,False,False,True,False,False,False,True,True,False,False,True,False,False,True,True,False,True,True,True,True,0.16666666666666666,0.5
18,4,4,1,2,0,4,2,4,1,1,4,14,False,False,True,True,False,True,False,False,False,False,True,False,False,True,False,False,True,False,False,True,False,False,True,True,True,True,0.13333333333333333,1.4
17,4,4,2,1,0,4,1,1,2,2,5,0,False,True,True,True,True,False,True,False,False,False,False,False,True,True,False,False,False,False,False,False,True,False,True,True,True,False,1.0,0.0
17,4,2,2,3,0,4,3,3,1,1,3,0,False,False,True,False,True,False,True,False,False,False,True,False,False,False,False,True,True,False,False,True,True,False,True,True,True,False,3.0,0.0
17,3,2,1,4,0,5,2,2,1,2,5,0,False,False,True,False,True,True,False,False,False,True,False,False,False,False,False,True,False,False,False,True,True,True,False,True,True,False,4.0,0.0
19,3,3,1,2,1,4,4,4,1,1,3,20,False,True,True,False,True,False,True,False,False,False,True,False,False,True,False,False,False,True,False,True,False,True,True,True,True,True,0.09523809523809523,3.0
18,2,4,1,2,1,4,4,3,1,1,3,8,False,False,True,False,True,False,False,True,False,False,False,False,False,False,False,True,False,True,False,True,True,True,True,True,True,False,0.2222222222222222,1.8
20,3,2,1,1,0,5,5,3,1,1,5,0,False,True,True,False,False,False,False,True,False,False,True,False,False,False,False,False,False,True,False,False,False,True,True,True,False,False,1.0,0.0
19,4,4,2,1,1,4,3,4,1,1,4,38,False,True,True,False,True,False,False,False,True,False,False,True,False,False,False,True,False,True,False,True,True,False,True,True,True,True,0.02564102564102564,4.8
19,3,3,1,2,1,4,5,3,1,2,5,0,False,True,False,False,True,False,True,False,False,False,False,True,False,False,False,True,False,False,False,False,False,True,True,True,False,True,2.0,1.0
19,1,1,1,2,1,4,4,3,1,3,3,18,False,False,True,True,True,False,False,False,False,False,True,False,False,False,False,True,False,True,True,True,False,True,False,True,True,False,0.10526315789473684,2.8
19,1,2,1,2,1,4,2,4,2,2,3,0,False,False,True,True,True,False,False,True,False,False,False,True,False,True,False,False,False,True,False,False,False,True,False,True,False,True,2.0,1.0
19,2,1,3,2,0,3,4,1,1,1,2,20,False,False,True,False,True,False,False,False,False,False,True,False,False,False,True,False,False,True,False,True,False,False,True,False,True,True,0.09523809523809523,2.0
19,1,2,1,2,1,4,5,2,2,2,4,3,False,True,True,False,True,False,True,False,False,False,False,True,False,False,False,False,False,True,False,False,False,False,False,True,True,False,0.5,1.3
19,3,2,2,2,1,4,2,2,1,2,1,22,False,False,True,True,True,False,False,True,False,False,True,False,False,False,False,True,False,True,False,True,True,False,False,True,True,True,0.08695652173913043,3.2
19,1,1,1,3,2,4,1,2,1,1,3,14,False,False,True,False,True,False,False,False,False,True,False,False,False,True,False,False,False,True,False,False,False,False,False,True,True,True,0.2,3.4
19,2,3,1,3,1,4,1,2,1,1,3,40,False,False,False,False,True,False,True,False,False,False,True,False,False,False,False,True,False,True,False,False,False,False,True,True,True,True,0.07317073170731707,5.0
18,2,1,2,2,0,5,3,3,1,2,1,0,False,False,True,False,True,False,False,True,False,False,True,False,False,False,False,False,True,False,False,True,True,True,True,True,True,False,2.0,0.0
18,4,3,1,3,0,4,3,4,1,1,5,9,False,False,True,False,True,False,True,False,False,False,True,False,False,False,False,False,True,False,False,True,True,True,True,True,True,True,0.3,0.9
17,3,4,1,3,0,4,3,4,2,5,5,0,False,False,False,False,True,False,False,False,False,False,False,True,False,False,False,False,False,False,False,True,True,True,False,True,True,False,3.0,0.0
18,4,4,1,2,0,4,4,4,3,3,5,2,False,False,True,False,True,False,False,False,True,False,True,False,False,False,False,False,True,False,False,True,True,False,True,True,True,False,0.6666666666666666,0.2
17,4,3,1,2,0,5,2,2,1,2,5,23,False,False,True,False,False,False,False,True,False,False,False,True,False,False,False,False,True,False,False,True,True,False,True,True,True,True,0.08333333333333333,2.3
17,2,2,1,2,0,4,2,2,1,1,3,12,False,False,True,False,True,False,True,False,False,False,True,False,False,False,False,False,True,False,False,True,False,False,True,True,False,True,0.15384615384615385,1.2
17,2,2,1,3,0,3,3,2,2,2,3,3,False,False,False,True,True,False,False,True,False,False,False,True,False,False,False,False,True,False,False,True,True,True,True,True,True,False,0.75,0.3
17,3,1,1,3,0,3,4,3,2,3,5,1,False,False,True,False,True,False,False,True,False,False,False,True,False,False,False,False,False,False,False,True,False,False,False,True,True,False,1.5,0.1
17,0,2,2,3,0,3,3,3,2,3,2,0,False,False,True,True,True,False,False,False,False,False,False,False,False,True,False,False,False,False,False,False,False,False,True,True,True,False,3.0,0.0
18,4,4,1,3,0,4,3,3,2,2,3,3,False,True,True,False,True,False,True,False,False,False,True,False,False,False,False,False,True,False,False,False,False,True,True,True,True,False,0.75,0.3
17,3,3,1,1,0,4,3,5,3,5,5,3,False,True,True,False,True,False,True,False,False,False,False,True,False,False,False,True,True,False,False,False,False,True,False,True,True,False,0.25,0.3
17,2,2,4,1,0,4,4,5,5,5,4,8,False,True,False,False,True,False,False,True,False,False,True,False,False,False,False,False,True,False,False,True,False,False,True,True,True,False,0.1111111111111111,0.8
17,4,4,1,3,0,5,4,4,1,3,4,7,False,False,True,False,True,False,False,False,True,False,False,True,False,False,False,False,True,False,False,True,True,True,True,True,True,False,0.375,0.7
17,4,4,2,3,0,4,3,3,1,2,4,4,False,False,True,False,True,False,False,False,True,False,False,False,True,False,False,False,True,False,False,True,True,False,False,True,True,True,0.6,0.4
18,2,2,1,4,0,4,5,5,2,4,5,2,False,True,True,True,True,False,True,False,False,False,True,False,False,False,False,False,True,False,False,True,False,True,True,True,True,False,1.3333333333333333,0.2
17,2,4,1,3,0,4,4,3,1,1,5,7,False,False,False,False,True,False,False,False,False,False,True,False,False,False,False,False,False,False,False,True,False,False,True,True,True,True,0.375,0.7
18,3,3,1,2,0,5,3,4,1,1,4,0,False,False,True,False,True,False,False,True,False,False,False,True,False,True,False,False,True,False,False,False,False,True,True,True,True,False,2.0,0.0
18,2,2,1,2,0,4,3,3,1,1,2,0,False,False,True,True,True,False,True,False,False,False,True,False,False,True,False,False,False,True,False,False,False,True,False,True,True,True,2.0,0.0
18,2,2,2,4,0,4,4,4,1,1,4,0,False,False,False,False,True,False,False,False,False,False,True,False,False,False,False,False,True,False,False,False,False,True,True,True,False,False,4.0,0.0
17,3,4,1,3,0,4,4,5,1,3,5,16,False,False,True,False,True,False,False,True,False,False,True,False,False,False,False,False,True,False,False,False,False,False,True,True,True,False,0.17647058823529413,1.6
19,3,1,1,3,1,5,4,3,1,2,5,12,False,False,False,False,False,False,False,True,False,False,False,False,False,True,False,False,False,True,False,False,True,False,True,True,False,False,0.23076923076923078,2.2
17,3,2,1,2,0,4,3,2,2,3,2,0,False,False,True,False,True,False,True,False,False,False,True,False,False,True,False,False,True,False,False,True,True,False,True,True,True,True,2.0,0.0
18,3,3,1,4,0,5,3,3,1,1,1,7,False,False,True,True,True,False,False,True,False,False,False,True,False,True,False,False,True,False,False,True,False,False,True,True,True,False,0.5,0.7
17,3,2,1,2,0,4,3,3,2,3,2,4,False,False,False,False,False,False,True,False,False,False,True,False,False,True,False,False,True,False,False,True,True,False,True,True,True,False,0.4,0.4
19,2,1,1,3,1,4,3,4,1,3,3,4,False,False,True,False,True,False,False,True,False,False,False,True,False,True,False,False,False,True,False,False,True,True,True,True,True,True,0.6,1.4
18,4,4,1,2,1,4,3,3,2,2,2,0,False,True,True,False,True,False,False,False,True,False,False,True,False,True,False,False,False,False,False,True,False,True,True,True,True,False,2.0,1.0
18,3,4,1,2,0,4,3,3,1,3,5,11,False,True,True,True,True,False,False,True,False,False,True,False,False,True,False,False,True,False,False,False,False,True,True,True,True,True,0.16666666666666666,1.1
17,2,2,1,2,1,3,3,1,1,2,4,0,False,False,True,False,False,False,False,False,False,False,False,False,False,True,False,False,False,False,False,True,False,False,True,True,True,True,2.0,1.0
18,2,3,1,3,0,4,3,3,1,2,3,4,False,False,True,False,True,False,False,False,False,False,True,False,False,False,False,False,True,False,False,True,False,False,True,True,True,False,0.6,0.4
18,3,2,1,3,0,5,4,3,2,3,1,7,False,False,True,False,True,False,True,False,False,False,False,True,False,False,True,False,True,False,False,False,False,False,True,True,True,True,0.375,0.7
18,4,3,1,3,0,5,3,2,1,2,4,9,False,True,False,False,True,False,False,False,True,False,False,True,False,False,False,False,True,False,False,False,False,False,True,True,True,True,0.3,0.9
18,4,3,1,3,0,5,4,5,2,3,5,0,False,True,True,False,True,False,False,False,True,False,True,False,False,False,False,False,True,False,False,True,True,False,True,True,True,True,3.0,0.0
17,4,3,1,3,0,4,4,3,1,3,4,0,False,False,True,False,True,True,False,False,False,False,True,False,False,False,False,True,True,False,False,True,True,True,True,True,True,True,3.0,0.0
18,3,2,2,1,1,2,5,5,5,5,5,10,True,True,False,False,True,False,True,False,False,False,True,False,False,False,False,False,True,False,False,True,False,False,False,True,True,False,0.09090909090909091,2.0
19,1,1,3,2,3,5,4,4,3,3,2,8,True,True,False,False,True,False,True,False,False,False,False,True,False,True,False,False,False,True,False,False,False,False,True,True,True,False,0.2222222222222222,3.8
17,3,3,2,2,0,4,5,4,2,3,3,2,True,True,True,False,True,True,False,False,False,False,True,False,False,False,False,False,True,False,False,True,True,False,True,True,True,False,0.6666666666666666,0.2
18,1,3,1,1,1,4,3,3,2,3,3,7,True,True,True,True,True,False,False,False,False,False,False,True,False,False,False,False,True,False,False,False,False,False,True,False,True,True,0.125,1.7
19,1,1,3,1,1,4,4,4,3,3,5,4,True,True,False,False,True,False,True,False,False,False,True,False,False,True,False,False,False,True,False,True,False,False,True,True,True,False,0.2,1.4
17,4,3,2,2,0,4,5,5,1,3,2,4,True,True,False,False,True,False,False,True,False,False,True,False,False,True,False,False,True,False,False,True,True,True,False,True,True,True,0.4,0.4
18,3,3,1,2,0,5,3,4,1,1,5,0,True,False,True,False,True,False,False,True,False,False,False,True,False,False,False,False,False,False,False,True,False,False,True,True,False,True,2.0,0.0
17,4,4,2,2,0,4,3,3,1,2,5,4,True,False,False,False,True,False,False,False,True,False,False,True,False,False,True,False,False,False,False,True,True,True,True,True,True,False,0.4,0.4
17,3,2,2,2,0,1,2,3,1,2,5,2,True,False,True,True,False,False,False,True,False,False,True,False,False,False,False,True,True,False,False,False,False,False,True,True,False,True,0.6666666666666666,0.2
18,1,1,2,1,0,3,3,2,1,2,3,4,True,True,True,True,True,False,True,False,False,False,False,True,False,True,False,False,False,False,False,False,False,False,False,True,True,True,0.2,0.4
18,1,1,2,3,0,5,3,2,1,1,4,0,True,False,True,True,True,False,False,False,False,False,False,True,False,False,False,False,False,False,False,False,False,False,True,True,True,False,3.0,0.0
18,1,4,3,2,0,4,3,4,1,4,5,0,True,False,False,True,False,False,False,False,False,False,True,False,False,False,False,False,True,False,False,False,False,False,True,True,False,True,2.0,0.0
18,1,1,2,2,1,4,4,3,2,3,5,2,True,True,False,True,True,False,False,False,False,False,True,False,False,False,True,False,True,False,False,False,False,True,False,False,False,False,0.6666666666666666,1.2
18,3,3,2,2,0,4,3,2,1,3,3,0,True,False,True,False,True,False,False,True,False,False,False,True,False,False,True,False,True,False,False,True,False,False,True,True,True,True,2.0,0.0
17,4,4,1,2,0,2,3,4,1,1,1,0,True,False,True,True,True,False,False,False,False,False,False,False,False,False,False,False,True,False,False,True,True,True,True,True,True,True,2.0,0.0
17,1,2,2,2,0,3,2,2,1,2,3,0,True,False,False,False,True,False,True,False,False,False,False,True,False,False,False,False,False,False,False,False,False,False,False,True,False,False,2.0,0.0
18,1,3,2,2,0,3,3,4,2,4,3,4,True,True,False,False,True,False,False,False,False,False,True,False,False,False,False,False,True,False,False,True,True,False,True,True,False,False,0.4,0.4
18,4,4,2,3,0,4,2,2,2,2,5,0,True,True,True,True,True,False,False,False,True,False,False,True,False,False,True,False,True,False,False,False,True,False,True,True,True,True,3.0,0.0
17,1,1,3,1,1,5,2,1,1,2,1,0,True,False,False,False,True,False,True,False,False,False,False,True,False,False,False,True,True,False,False,True,True,False,True,True,True,True,1.0,1.0
18,2,3,2,1,0,5,2,3,1,2,4,0,True,False,True,False,True,False,False,False,False,False,False,True,False,False,False,False,False,False,False,True,True,False,True,True,True,True,1.0,0.0
18,4,4,3,2,0,3,2,2,4,2,5,10,True,False,False,False,True,False,True,False,False,False,False,False,True,False,True,False,False,False,False,True,True,False,False,True,True,True,0.18181818181818182,1.0
19,3,2,2,2,2,3,2,2,1,1,3,4,True,False,True,True,True,False,False,True,False,False,False,True,False,True,False,False,False,True,False,False,False,True,True,True,False,True,0.4,2.4
18,1,2,3,1,0,4,3,3,2,3,3,3,True,True,False,True,True,False,False,False,False,False,False,True,False,False,True,False,False,False,False,True,True,True,True,False,True,True,0.25,0.3
17,2,2,1,3,0,3,4,3,1,1,3,8,True,False,True,False,True,False,True,False,False,False,False,False,False,True,False,False,True,False,False,False,False,True,True,True,False,True,0.3333333333333333,0.8
17,1,2,1,1,0,3,5,5,1,3,1,14,True,False,False,False,True,False,True,False,False,False,True,False,False,False,False,False,True,False,False,False,False,True,True,True,True,False,0.06666666666666667,1.4
18,4,4,2,3,0,5,4,4,1,1,1,0,True,False,False,True,True,False,True,False,False,False,True,False,False,False,False,True,True,False,False,False,False,False,True,True,True,False,3.0,0.0
18,1,1,4,3,0,4,3,2,1,2,4,2,True,False,False,False,True,False,True,False,False,False,True,False,False,True,False,False,True,False,False,False,False,False,True,True,True,False,1.0,0.2
20,4,2,2,3,2,5,4,3,1,1,3,4,True,False,True,False,True,True,False,False,False,False,True,False,False,False,False,False,False,True,False,True,True,False,False,True,True,True,0.6,2.4
18,4,4,1,2,0,5,4,3,3,4,2,4,True,False,False,True,True,False,False,False,True,False,False,True,False,False,False,False,True,False,False,False,True,True,True,True,True,False,0.4,0.4
18,3,3,1,2,0,4,1,3,1,2,1,0,True,False,True,False,True,False,True,False,False,False,True,False,False,True,False,False,True,False,False,False,True,False,True,True,True,True,2.0,0.0
17,3,1,1,2,0,4,5,4,2,3,1,17,True,False,False,False,True,False,False,False,False,False,True,False,False,False,False,True,True,False,False,True,True,True,False,True,True,False,0.1111111111111111,1.7
18,4,4,1,2,0,3,2,4,1,4,2,4,True,True,True,False,True,False,False,False,True,False,False,False,True,True,False,False,False,False,False,False,True,True,False,True,True,False,0.4,0.4
18,2,1,2,1,0,4,4,3,1,3,5,5,True,True,False,False,True,False,True,False,False,False,True,False,False,False,True,False,True,False,False,False,False,True,False,True,True,True,0.16666666666666666,0.5
17,2,3,2,2,0,4,4,3,1,1,3,2,True,True,True,False,True,False,True,False,False,False,False,True,False,True,False,False,False,False,False,False,False,True,True,True,True,False,0.6666666666666666,0.2
19,1,1,2,1,1,4,3,2,1,3,5,0,True,True,False,False,True,False,True,False,False,False,False,True,False,False,True,False,True,False,False,False,False,False,True,True,False,False,1.0,1.0
18,4,2,2,1,1,5,4,3,4,3,3,14,True,True,False,False,True,False,True,False,False,False,True,False,False,True,False,False,False,False,False,False,True,False,True,True,False,False,0.06666666666666667,2.4
18,2,2,2,3,0,5,3,3,1,3,4,2,True,False,False,False,True,False,False,False,False,False,True,False,False,False,True,False,True,False,False,False,True,False,True,True,False,False,1.0,0.2
18,4,4,3,1,0,4,4,3,2,2,5,7,True,False,False,False,True,False,False,False,True,False,False,False,False,False,False,True,True,False,False,True,True,True,True,True,True,True,0.125,0.7
19,2,3,1,3,1,5,4,2,1,2,5,0,True,False,False,False,True,False,False,True,False,False,True,False,False,False,False,False,True,False,False,False,False,True,False,True,True,False,3.0,1.0
18,3,1,1,2,0,4,3,4,1,1,1,0,True,False,True,True,True,False,False,False,True,False,False,True,False,False,False,False,True,False,False,True,True,False,True,True,True,False,2.0,0.0
18,1,1,2,2,1,1,1,1,1,1,5,0,True,False,True,False,True,False,True,False,False,False,True,False,False,False,False,False,True,False,False,False,False,True,True,True,False,False,2.0,1.0
20,2,2,1,2,2,5,5,4,4,5,4,11,True,True,True,True,False,False,False,True,False,False,False,True,False,False,False,False,False,True,False,True,True,False,True,True,False,False,0.16666666666666666,3.1
17,3,1,2,1,0,2,4,5,3,4,2,3,True,True,True,True,True,False,False,True,False,False,False,True,False,False,False,False,True,False,False,False,False,False,False,True,True,False,0.25,0.3
21,1,1,1,1,3,5,5,3,3,3,3,3,True,True,False,False,True,False,True,False,False,False,True,False,False,False,False,False,False,True,False,False,False,False,False,True,False,False,0.25,3.3
18,3,2,3,1,0,4,4,1,3,4,5,0,True,True,False,True,True,False,False,True,False,False,True,False,False,False,False,False,True,False,False,False,False,False,False,True,True,False,1.0,0.0
19,1,1,1,1,0,3,2,3,3,3,5,5,True,True,True,True,True,False,True,False,False,False,False,False,False,False,False,False,False,False,False,False,False,False,True,True,True,False,0.16666666666666666,0.5
